id,FIRSTNAME,LASTNAME,EMAIL,GENDER
1,Heather,Richards,hrichards0@cbsnews.com,Female
2,Emily,Green,egreen1@slideshare.net,Female
3,Wanda,Gilbert,wgilbert2@tinypic.com,Female
4,Paul,Daniels,pdaniels3@slideshare.net,Male
5,Katherine,Mccoy,kmccoy4@comcast.net,Female
6,Frances,Young,fyoung5@arstechnica.com,Female
7,Helen,Ryan,hryan6@boston.com,Female
8,Sandra,Dean,sdean7@google.co.uk,Female
9,Doris,Ryan,dryan8@wordpress.com,Female
10,Adam,Williams,awilliams9@example.com,Male
11,Sandra,Moreno,smorenoa@geocities.jp,Female
12,Heather,Torres,htorresb@cocolog-nifty.com,Female
13,Jose,Torres,jtorresc@is.gd,Male
14,Benjamin,Berry,bberryd@technorati.com,Male
15,Charles,Reed,creede@xinhuanet.com,Male
16,John,Porter,jporterf@patch.com,Male
17,Stephanie,Alexander,salexanderg@uol.com.br,Female
18,Roger,Payne,rpayneh@nba.com,Male
19,Louis,Martinez,lmartinezi@noaa.gov,Male
20,Walter,Peterson,wpetersonj@jimdo.com,Male
21,Jane,Anderson,jandersonk@xrea.com,Female
22,Chris,Nichols,cnicholsl@wisc.edu,Male
23,James,Gray,jgraym@abc.net.au,Male
24,Alan,Simmons,asimmonsn@nationalgeographic.com,Male
25,Shawn,Stephens,sstephenso@europa.eu,Male
26,Jose,Welch,jwelchp@opensource.org,Male
27,Deborah,Reed,dreedq@earthlink.net,Female
28,Michelle,Gonzales,mgonzalesr@ihg.com,Female
29,Jane,Parker,jparkers@gov.uk,Female
30,Patricia,Moreno,pmorenot@over-blog.com,Female
31,Christine,Willis,cwillisu@unblog.fr,Female
32,John,Ellis,jellisv@msu.edu,Male
33,Patricia,Moreno,pmorenow@icq.com,Female
34,Emily,Fernandez,efernandezx@phpbb.com,Female
35,Angela,Jenkins,ajenkinsy@spotify.com,Female
36,Ruby,Garcia,rgarciaz@reuters.com,Female
37,Cheryl,Hill,chill10@pagesperso-orange.fr,Female
38,Douglas,Oliver,doliver11@oakley.com,Male
39,Judith,Ellis,jellis12@surveymonkey.com,Female
40,Diana,Boyd,dboyd13@opensource.org,Female
41,Shawn,Turner,sturner14@mediafire.com,Male
42,Kathryn,Sanchez,ksanchez15@sogou.com,Female
43,Victor,Collins,vcollins16@cnbc.com,Male
44,Charles,Garrett,cgarrett17@pagesperso-orange.fr,Male
45,Michelle,Foster,mfoster18@google.it,Female
46,Michelle,Morales,mmorales19@mail.ru,Female
47,Sarah,Martinez,smartinez1a@harvard.edu,Female
48,Jessica,Phillips,jphillips1b@instagram.com,Female
49,Anthony,Fernandez,afernandez1c@friendfeed.com,Male
50,Jeremy,Medina,jmedina1d@slate.com,Male
